[
    {
        "progId": "CA_CIBC_011",
        "programName": "CIBC",
        "minPointsEntered": 3500,
        "activeStatus": "ACTIVE",
        "canManage": "N",
        "canMonitor": "Y",
        "country": "Canada",
        "canRedeem": "Y",
        "barcodeStandard": ""
    },
    {
        "progId": "CA_AA_011",
        "programName": "American Advantage",
        "minPointsEntered": 0,
        "activeStatus": "ACTIVE",
        "canManage": "Y",
        "canMonitor": "Y",
        "country": "Canada",
        "canRedeem": "N",
        "barcodeStandard": "code_128"
    },
    {
        "progId": "CA_AEROPLAN_011",
        "programName": "AEROPLAN",
        "minPointsEntered": 7000,
        "activeStatus": "ACTIVE",
        "canManage": "Y",
        "canMonitor": "Y",
        "country": "Canada",
        "canRedeem": "Y",
        "barcodeStandard": "code_128"
    },
    {
        "progId": "CA_AIRMILES_011",
        "programName": "AIRMILES",
        "minPointsEntered": 95,
        "activeStatus": "ACTIVE",
        "canManage": "Y",
        "canMonitor": "Y",
        "country": "Canada",
        "canRedeem": "Y",
        "barcodeStandard": "EAN-13"
    },
    {
        "progId": "CA_AMEX_011",
        "programName": "AMEX",
        "minPointsEntered": 0,
        "activeStatus": "ACTIVE",
        "canManage": "N",
        "canMonitor": "N",
        "country": "Canada",
        "canRedeem": "N",
        "barcodeStandard": ""
    },
    {
        "progId": "CA_BMO_011",
        "programName": "BMO",
        "minPointsEntered": 5500,
        "activeStatus": "ACTIVE",
        "canManage": "N",
        "canMonitor": "Y",
        "country": "Canada",
        "canRedeem": "Y",
        "barcodeStandard": ""
    },
    
    {
        "progId": "CA_DELTA_011",
        "programName": "Delta",
        "minPointsEntered": 0,
        "activeStatus": "ACTIVE",
        "canManage": "Y",
        "canMonitor": "N",
        "country": "Canada",
        "canRedeem": "N",
        "barcodeStandard": "code_128"
    },
    {
        "progId": "CA_MBNA_011",
        "programName": "MBNA",
        "minPointsEntered": 0,
        "activeStatus": "ACTIVE",
        "canManage": "N",
        "canMonitor": "N",
        "country": "Canada",
        "canRedeem": "N",
        "barcodeStandard": ""
    },
    {
        "progId": "CA_TD_011",
        "programName": "TD",
        "minPointsEntered": 10000,
        "activeStatus": "ACTIVE",
        "canManage": "N",
        "canMonitor": "N",
        "country": "Canada",
        "canRedeem": "Y",
        "barcodeStandard": ""
    },
    {
        "progId": "CA_UA_011",
        "programName": "United Airlines",
        "minPointsEntered": 0,
        "activeStatus": "ACTIVE",
        "canManage": "Y",
        "canMonitor": "N",
        "country": "Canada",
        "canRedeem": "N",
        "barcodeStandard": "code_128"
    },
    {
        "progId": "CA_WESTJET_011",
        "programName": "WESTJET",
        "minPointsEntered": 0,
        "activeStatus": "ACTIVE",
        "canManage": "Y",
        "canMonitor": "N",
        "country": "Canada",
        "canRedeem": "N",
        "barcodeStandard": ""
    }
]