{
    "refresh_token_expires_in": "0",
    "api_product_list": "[loginUser-Product]",
    "api_product_list_json": [
        "loginUser-Product"
    ],
    "organization_name": "gajendrachhipa-trial",
    "developer.email": "gajenidhi@gmail.com",
    "token_type": "BearerToken",
    "issued_at": "1529903022873",
    "client_id": "rAvfnUt4WNtGYnEZMb1CI0QmhNrFP01c",
    "access_token": "MWRdkva6AFS2143Lp2qblwNRpSuA",
    "application_name": "3c682531-50a8-4562-a664-588b0b0db7d4",
    "scope": "",
    "expires_in": "0",
    "refresh_count": "0",
    "status": "approved"
}
