[
    {
        "userId": "testing7",
        "transactionDate": "06-Jul-2018 14:00:00",
        "progId": "CA_BMO_011",
        "programName": "BMO",
        "updatedPointBalance": "52000",
        "balChange": "-4000",
        "transactionType": "Updated",
        "walletBalance": "250"
    },
    {
        "userId": "testing7",
        "transactionDate": "07-Jul-2018 10:00:00",
        "progId": "CA_CIBC_011",
        "programName": "CIBC",
        "updatedPointBalance": "20000",
        "balChange": "4000",
        "transactionType": "Updated",
        "walletBalance": "250"
    },
    {
        "userId": "testing7",
        "transactionDate": "07-Jul-2018 14:00:00",
        "progId": null,
        "programName": null,
        "updatedPointBalance": "0",
        "balChange": "0",
        "transactionType": "Payout",
        "walletBalance": "200"
    }
]